{
  "model": "meta-llama/Llama-3.1-8B-Instruct",
  "layer": 15,
  "target_auc": 0.85,
  "results": {
    "honesty": {
      "auc": 0.890625,
      "n_pairs": 8,
      "pos": [
        -0.23152035474777222,
        0.8588616847991943,
        1.2819523811340332,
        0.493878036737442,
        -0.31832677125930786,
        0.782284677028656,
        0.15259410440921783,
        1.0212106704711914
      ],
      "neg": [
        -0.8132529854774475,
        -0.753998339176178,
        0.19934388995170593,
        -0.18238119781017303,
        -0.6464512348175049,
        -0.0808817446231842,
        -0.6583214998245239,
        -0.5344028472900391
      ]
    },
    "sycophancy": {
      "auc": 0.859375,
      "n_pairs": 8,
      "pos": [
        2.144167423248291,
        -0.1142672449350357,
        1.134374737739563,
        0.978988766670227,
        0.13310176134109497,
        2.039273738861084,
        2.5820705890655518,
        -0.27032437920570374
      ],
      "neg": [
        -1.3472874164581299,
        -2.0345969200134277,
        -0.7536137104034424,
        -0.06078444421291351,
        -0.23914724588394165,
        0.7659411430358887,
        0.4827018976211548,
        -1.5904510021209717
      ]
    },
    "hallucination": {
      "auc": 1.0,
      "n_pairs": 8,
      "pos": [
        -0.5786958932876587,
        1.161306381225586,
        1.4966593980789185,
        1.0049692392349243,
        1.068644404411316,
        -0.10552038997411728,
        1.0303053855895996,
        -0.022851496934890747
      ],
      "neg": [
        -0.5805221796035767,
        -1.4595355987548828,
        -1.7992371320724487,
        -1.1532728672027588,
        -0.6482380628585815,
        -0.9204643964767456,
        -0.9912402629852295,
        -1.7033097743988037
      ]
    },
    "joy": {
      "auc": 0.96875,
      "n_pairs": 8,
      "pos": [
        2.2503812313079834,
        1.8773187398910522,
        2.5501840114593506,
        0.9945114850997925,
        2.496528148651123,
        2.056358814239502,
        2.0429108142852783,
        1.6526603698730469
      ],
      "neg": [
        0.8178032636642456,
        0.75110924243927,
        1.6559504270553589,
        -0.39072349667549133,
        -0.14307644963264465,
        0.8343590497970581,
        0.4960981011390686,
        0.27726423740386963
      ]
    },
    "curiosity": {
      "auc": 0.984375,
      "n_pairs": 8,
      "pos": [
        0.4709446132183075,
        1.7874231338500977,
        1.2948719263076782,
        1.7649803161621094,
        1.1066433191299438,
        1.8966090679168701,
        1.7176311016082764,
        1.5917057991027832
      ],
      "neg": [
        0.1346333920955658,
        -0.27908557653427124,
        -0.5606734752655029,
        0.9575733542442322,
        -0.4945192337036133,
        -0.35747677087783813,
        -0.10516941547393799,
        -1.0403496026992798
      ]
    },
    "sadness": {
      "auc": 1.0,
      "n_pairs": 8,
      "pos": [
        0.06441701948642731,
        1.5371276140213013,
        2.6619033813476562,
        2.1247127056121826,
        0.6441069841384888,
        1.6636933088302612,
        1.2444521188735962,
        1.261759877204895
      ],
      "neg": [
        -0.41752564907073975,
        -0.24195753037929535,
        -0.1739109307527542,
        -0.15375524759292603,
        -0.5685883164405823,
        -1.0045721530914307,
        -0.4673994779586792,
        -0.4078320264816284
      ]
    },
    "anger": {
      "auc": 1.0,
      "n_pairs": 8,
      "pos": [
        0.8488867282867432,
        1.6640260219573975,
        1.342982292175293,
        1.7475271224975586,
        2.4183831214904785,
        0.7039030194282532,
        0.929957926273346,
        1.2534446716308594
      ],
      "neg": [
        -0.27265530824661255,
        -0.6147412657737732,
        -0.8825817108154297,
        -0.8084697723388672,
        -0.40381908416748047,
        -0.7101306915283203,
        -0.475202351808548,
        -0.9120519161224365
      ]
    },
    "surprise": {
      "auc": 0.890625,
      "n_pairs": 8,
      "pos": [
        -0.058128684759140015,
        1.4865102767944336,
        0.2941210865974426,
        0.5742695331573486,
        0.4939556121826172,
        1.0774343013763428,
        1.674633264541626,
        0.4248042106628418
      ],
      "neg": [
        -0.15577572584152222,
        -0.004143808037042618,
        -0.6485663652420044,
        -0.8585776090621948,
        -0.6810644268989563,
        1.168982744216919,
        -0.05965618044137955,
        -0.4227690100669861
      ]
    },
    "scholar": {
      "auc": 0.96875,
      "n_pairs": 8,
      "pos": [
        0.5729939937591553,
        1.2114663124084473,
        1.5517642498016357,
        0.532699465751648,
        1.343432903289795,
        2.086287021636963,
        0.22070935368537903,
        0.9437358379364014
      ],
      "neg": [
        0.49147096276283264,
        -0.7114368677139282,
        -0.29468587040901184,
        0.30011945962905884,
        -0.3264816999435425,
        -0.3796001970767975,
        -0.16175632178783417,
        -0.8741800785064697
      ]
    },
    "caregiver": {
      "auc": 1.0,
      "n_pairs": 8,
      "pos": [
        0.2626533806324005,
        1.9695926904678345,
        1.478856086730957,
        1.4340438842773438,
        2.1383118629455566,
        1.1595368385314941,
        2.655607223510742,
        2.1958625316619873
      ],
      "neg": [
        -0.019036591053009033,
        -1.9716609716415405,
        -1.2665762901306152,
        -0.562285840511322,
        -0.8434669971466064,
        -0.7413903474807739,
        -1.3311457633972168,
        -1.3389356136322021
      ]
    },
    "explorer": {
      "auc": 1.0,
      "n_pairs": 8,
      "pos": [
        -0.06552010029554367,
        1.0835931301116943,
        1.2182267904281616,
        1.006514549255371,
        0.2577146589756012,
        1.105307698249817,
        0.03338289633393288,
        1.4862306118011475
      ],
      "neg": [
        -0.3372689485549927,
        -0.9867099523544312,
        -1.8651185035705566,
        -1.1475343704223633,
        -1.2602818012237549,
        -1.4194921255111694,
        -0.44226300716400146,
        -0.895158052444458
      ]
    }
  }
}